"method","perp","perp_hue","perp_sat","perp_val","mse_to_distmode","mse_to_distmean"
"Direct",3.8088286349794376e6,61.932817936546776,248.73399077915977,247.24951867237195,0.111187425350983,0.06352217045764941
"Direct-smoothed",906202.5878940948,46.7727889337213,154.38045007030541,125.49884499871555,0.09086892669190061,0.0635289704190796
"SOWE",945135.9205066374,47.468591446751454,156.62651898149633,127.12255947557122,0.1111203220704003,0.06461441469814318
"SOWE-smoothed",931079.1247359291,47.420956452857446,155.8024085332621,126.0207654986047,0.08802091188929367,0.06460957096646841
"CNN",983791.3007312648,49.188795238447106,157.18024527143706,127.24444450895429,0.12252113823120736,0.06510303897078906
"CNN-smoothed",1.0181826075924421e6,50.84924824334479,157.03016427840703,127.51405376705455,0.09650727737817541,0.06512701296479147
"RNN",2.1672270756674465e6,97.80902962264659,161.27131315165386,137.39418281861353,0.16779261939829726,0.10046747600097003
"RNN-smoothed",2.129789476313841e6,97.44822116519673,160.55945591450936,136.12154605727994,0.13347748147617913,0.09123952328992585
