"method","mse"
"Empirical",0.06352217495441437
"SOWE",0.06497902423143387
"CNN",0.06406835466623306
"RNN",0.09405941516160965
