"method","mse"
"Direct",0.06635566800832748
"SOWE",0.06677256524562836
"CNN",0.06703785061836243
"RNN",0.07118864357471466
