"method","mse"
"Direct",0.057472266256809235
"SOWE",0.06410597264766693
"CNN",0.05773748829960823
"RNN",0.06874289363622665
