"method","mse"
"Direct",0.06635566800832748
"SOWE",0.06718547642230988
"CNN",0.06642833352088928
"RNN",0.07062981277704239
