"method","mse"
"Empirical",0.06635566800832748
"SOWE",0.0667039230465889
"CNN",0.06653594225645065
"RNN",0.07066551595926285
