"method","nonextrapolatingperp","extrapolatingperp"
"SOWE-smoothed",839005.141480351,942045.6940659512
"CNN-smoothed",892993.5811751804,1.0548725620390475e6
"RNN-smoothed",1.8800725169582975e6,3.0749299428323586e6
