"method","perp","mse_to_distmean"
"RNN Extrapolating",2.889563759833642e6,0.11197592739284143
"RNN Non-extrapolating",2.0690325239509838e6,0.10499460876378672
"RNN-smoothed Extrapolating",2.725487790501476e6,0.11155362198736746
"RNN-smoothed Non-extrapolating",2.0012037772128677e6,0.10286643475534529
