"method","perp","perp_hue","perp_sat","perp_val","mse_to_distmode","mse_to_distmean"
"Direct",2.6074499042536505e6,68.04017662564864,223.3874250912412,171.5504330730155,0.1337356413650439,0.0663556646126004
"Direct-smoothed",1.18477967887873e6,59.66655707208667,162.93409944167277,121.8693889319632,0.10933245009886777,0.0663693462975219
"SOWE",1.264324326698005e6,60.90769927755113,166.03081719945678,125.02521035455862,0.12846290425304638,0.06839256848242657
"SOWE-smoothed",1.2584645150493698e6,61.201031675375354,165.76500328827348,124.0478908495224,0.09910505425043815,0.06823720098900045
"CNN",1.2984966926849599e6,62.70678279062171,165.74905465737086,124.93245323935032,0.13119346452138259,0.06951578640011823
"CNN-smoothed",1.3551563026720881e6,64.76974595223537,166.93026530021518,125.33781287807639,0.10552897834166822,0.06999059991164286
"RNN",1.461508156675676e6,69.1086687486081,167.45851365364643,126.28782516021786,0.1331269229370062,0.07805194627821269
"RNN-smoothed",1.4717588852727753e6,69.75641691035003,167.63120940895496,125.86286793343595,0.10415889130977961,0.07498525603965446
