"method","perp","mse_to_distmean"
"RNN",1.5437051450855192e6,0.07704195445324569
"RNN-smoothed",1.5091774666100473e6,0.07563614455197812
