"method","mse"
"Direct",0.06480130553245544
"SOWE",0.06605731695890427
"CNN",0.06559617072343826
"RNN",0.09559748321771622
