"method","mse"
"Direct",0.06352217495441437
"SOWE",0.06507168710231781
"CNN",0.06394565850496292
"RNN",0.09357193112373352
