"method","mse"
"Direct",0.0663561224937439
"SOWE",0.06674081087112427
"CNN",0.06718235462903976
"RNN",0.07066445797681808
