"method","perp","mse_to_distmean"
"Operational Upper Bound",893602.4850669863,0.06484226384736647
"SOWE",917009.8344842698,0.06560185760457346
"CNN",955151.1996613375,0.06582688105166774
"GRU",2.0837575219944436e6,0.09536452027977917
"LSTM",2.103330779848846e6,0.08765904141627993
