"method","perp","mse_to_distmean"
"RNN",2.103330779848846e6,0.08765904141627993
"RNN-smoothed",2.0077494650982902e6,0.0886307536054804
