"method","nonextrapolatingperp","extrapolatingperp"
"RNN",2.069032523950984e6,2.8895637598336423e6
"RNN-smoothed",2.0012037772128677e6,2.7254877905014763e6
