"method","mse"
"LSTM",0.07121684402227402
"Distribution Mean RNN",0.07704195445324569
"Distribution Mean RNN-smoothed",0.07563614455197812
